--
-- PostgreSQL database dump
--

-- Dumped from database version 13.2 (Debian 13.2-1.pgdg100+1)
-- Dumped by pg_dump version 16.6 (Ubuntu 16.6-0ubuntu0.24.04.1)

SET statement_timeout = 0;
SET lock_timeout = 0;
SET idle_in_transaction_session_timeout = 0;
SET client_encoding = 'UTF8';
SET standard_conforming_strings = on;
SELECT pg_catalog.set_config('search_path', '', false);
SET check_function_bodies = false;
SET xmloption = content;
SET client_min_messages = warning;
SET row_security = off;

ALTER TABLE IF EXISTS ONLY public.user_roles DROP CONSTRAINT IF EXISTS user_roles_user_id;
ALTER TABLE IF EXISTS ONLY public.user_roles DROP CONSTRAINT IF EXISTS user_roles_role_id;
ALTER TABLE IF EXISTS ONLY public.depts DROP CONSTRAINT IF EXISTS depts_roles_roles;
ALTER TABLE IF EXISTS ONLY public.depts DROP CONSTRAINT IF EXISTS depts_depts_children;
ALTER TABLE IF EXISTS ONLY public.dept_users DROP CONSTRAINT IF EXISTS dept_users_user_id;
ALTER TABLE IF EXISTS ONLY public.dept_users DROP CONSTRAINT IF EXISTS dept_users_dept_id;
ALTER TABLE IF EXISTS ONLY public.users DROP CONSTRAINT IF EXISTS users_pkey;
ALTER TABLE IF EXISTS ONLY public.user_roles DROP CONSTRAINT IF EXISTS user_roles_pkey;
ALTER TABLE IF EXISTS ONLY public.rules DROP CONSTRAINT IF EXISTS rules_pkey;
ALTER TABLE IF EXISTS ONLY public.roles DROP CONSTRAINT IF EXISTS roles_pkey;
ALTER TABLE IF EXISTS ONLY public.menus DROP CONSTRAINT IF EXISTS menus_pkey;
ALTER TABLE IF EXISTS ONLY public.depts DROP CONSTRAINT IF EXISTS depts_pkey;
ALTER TABLE IF EXISTS ONLY public.dept_users DROP CONSTRAINT IF EXISTS dept_users_pkey;
ALTER TABLE IF EXISTS ONLY public.casbin_rules DROP CONSTRAINT IF EXISTS casbin_rules_pkey;
DROP TABLE IF EXISTS public.users;
DROP TABLE IF EXISTS public.user_roles;
DROP TABLE IF EXISTS public.rules;
DROP TABLE IF EXISTS public.roles;
DROP TABLE IF EXISTS public.menus;
DROP TABLE IF EXISTS public.depts;
DROP TABLE IF EXISTS public.dept_users;
DROP TABLE IF EXISTS public.casbin_rules;
-- *not* dropping schema, since initdb creates it
--
-- Name: public; Type: SCHEMA; Schema: -; Owner: postgres
--

-- *not* creating schema, since initdb creates it


ALTER SCHEMA public OWNER TO postgres;

SET default_tablespace = '';

SET default_table_access_method = heap;

--
-- Name: casbin_rules; Type: TABLE; Schema: public; Owner: postgres
--

CREATE TABLE public.casbin_rules (
    id bigint NOT NULL,
    ptype character varying DEFAULT ''::character varying NOT NULL,
    v0 character varying DEFAULT ''::character varying NOT NULL,
    v1 character varying DEFAULT ''::character varying NOT NULL,
    v2 character varying DEFAULT ''::character varying NOT NULL,
    v3 character varying DEFAULT ''::character varying NOT NULL,
    v4 character varying DEFAULT ''::character varying NOT NULL,
    v5 character varying DEFAULT ''::character varying NOT NULL
);


ALTER TABLE public.casbin_rules OWNER TO postgres;

--
-- Name: casbin_rules_id_seq; Type: SEQUENCE; Schema: public; Owner: postgres
--

ALTER TABLE public.casbin_rules ALTER COLUMN id ADD GENERATED BY DEFAULT AS IDENTITY (
    SEQUENCE NAME public.casbin_rules_id_seq
    START WITH 1
    INCREMENT BY 1
    NO MINVALUE
    NO MAXVALUE
    CACHE 1
);


--
-- Name: dept_users; Type: TABLE; Schema: public; Owner: postgres
--

CREATE TABLE public.dept_users (
    dept_id bigint NOT NULL,
    user_id uuid NOT NULL
);


ALTER TABLE public.dept_users OWNER TO postgres;

--
-- Name: depts; Type: TABLE; Schema: public; Owner: postgres
--

CREATE TABLE public.depts (
    id bigint NOT NULL,
    create_time timestamp with time zone NOT NULL,
    update_time timestamp with time zone NOT NULL,
    name character varying NOT NULL,
    sort bigint NOT NULL,
    status boolean NOT NULL,
    "desc" character varying NOT NULL,
    extension character varying NOT NULL,
    dom bigint NOT NULL,
    dept_roles bigint,
    pid bigint
);


ALTER TABLE public.depts OWNER TO postgres;

--
-- Name: COLUMN depts.name; Type: COMMENT; Schema: public; Owner: postgres
--

COMMENT ON COLUMN public.depts.name IS '部门名称';


--
-- Name: COLUMN depts.sort; Type: COMMENT; Schema: public; Owner: postgres
--

COMMENT ON COLUMN public.depts.sort IS '排序';


--
-- Name: COLUMN depts.status; Type: COMMENT; Schema: public; Owner: postgres
--

COMMENT ON COLUMN public.depts.status IS '0-锁定，1-正常';


--
-- Name: COLUMN depts."desc"; Type: COMMENT; Schema: public; Owner: postgres
--

COMMENT ON COLUMN public.depts."desc" IS '备注';


--
-- Name: COLUMN depts.extension; Type: COMMENT; Schema: public; Owner: postgres
--

COMMENT ON COLUMN public.depts.extension IS '扩展信息';


--
-- Name: COLUMN depts.dom; Type: COMMENT; Schema: public; Owner: postgres
--

COMMENT ON COLUMN public.depts.dom IS '域';


--
-- Name: COLUMN depts.pid; Type: COMMENT; Schema: public; Owner: postgres
--

COMMENT ON COLUMN public.depts.pid IS '父节点id';


--
-- Name: depts_id_seq; Type: SEQUENCE; Schema: public; Owner: postgres
--

ALTER TABLE public.depts ALTER COLUMN id ADD GENERATED BY DEFAULT AS IDENTITY (
    SEQUENCE NAME public.depts_id_seq
    START WITH 1
    INCREMENT BY 1
    NO MINVALUE
    NO MAXVALUE
    CACHE 1
);


--
-- Name: menus; Type: TABLE; Schema: public; Owner: postgres
--

CREATE TABLE public.menus (
    id bigint NOT NULL,
    create_time timestamp with time zone NOT NULL,
    update_time timestamp with time zone NOT NULL,
    pid bigint NOT NULL,
    type smallint NOT NULL,
    status boolean NOT NULL,
    name character varying NOT NULL,
    title character varying NOT NULL,
    icon character varying NOT NULL,
    "order" integer NOT NULL,
    path character varying NOT NULL,
    component character varying NOT NULL,
    redirect character varying NOT NULL,
    link character varying NOT NULL,
    iframe_src character varying NOT NULL,
    active_icon character varying NOT NULL,
    active_path character varying NOT NULL,
    max_num_of_open_tab smallint NOT NULL,
    ignore_auth boolean NOT NULL,
    keepalive boolean NOT NULL,
    permission character varying NOT NULL,
    affix_tab boolean NOT NULL,
    affix_tab_order bigint NOT NULL,
    hide_in_menu boolean DEFAULT false NOT NULL,
    hide_in_tab boolean DEFAULT false NOT NULL,
    hide_in_breadcrumb boolean DEFAULT false NOT NULL,
    hide_children_in_menu boolean DEFAULT false NOT NULL
);


ALTER TABLE public.menus OWNER TO postgres;

--
-- Name: COLUMN menus.pid; Type: COMMENT; Schema: public; Owner: postgres
--

COMMENT ON COLUMN public.menus.pid IS '上一级ID';


--
-- Name: COLUMN menus.type; Type: COMMENT; Schema: public; Owner: postgres
--

COMMENT ON COLUMN public.menus.type IS '菜单类型,0-目录,1-菜单,2-按钮';


--
-- Name: COLUMN menus.status; Type: COMMENT; Schema: public; Owner: postgres
--

COMMENT ON COLUMN public.menus.status IS '状态,0-禁用，1-启用';


--
-- Name: COLUMN menus.name; Type: COMMENT; Schema: public; Owner: postgres
--

COMMENT ON COLUMN public.menus.name IS '组件名';


--
-- Name: COLUMN menus.title; Type: COMMENT; Schema: public; Owner: postgres
--

COMMENT ON COLUMN public.menus.title IS '显示名称';


--
-- Name: COLUMN menus.icon; Type: COMMENT; Schema: public; Owner: postgres
--

COMMENT ON COLUMN public.menus.icon IS '图标';


--
-- Name: COLUMN menus."order"; Type: COMMENT; Schema: public; Owner: postgres
--

COMMENT ON COLUMN public.menus."order" IS '排序(越小越前)';


--
-- Name: COLUMN menus.path; Type: COMMENT; Schema: public; Owner: postgres
--

COMMENT ON COLUMN public.menus.path IS '路由path';


--
-- Name: COLUMN menus.component; Type: COMMENT; Schema: public; Owner: postgres
--

COMMENT ON COLUMN public.menus.component IS '组件路径';


--
-- Name: COLUMN menus.redirect; Type: COMMENT; Schema: public; Owner: postgres
--

COMMENT ON COLUMN public.menus.redirect IS '重定向path';


--
-- Name: COLUMN menus.link; Type: COMMENT; Schema: public; Owner: postgres
--

COMMENT ON COLUMN public.menus.link IS '外链-跳转路径';


--
-- Name: COLUMN menus.iframe_src; Type: COMMENT; Schema: public; Owner: postgres
--

COMMENT ON COLUMN public.menus.iframe_src IS 'iframe地址';


--
-- Name: COLUMN menus.active_icon; Type: COMMENT; Schema: public; Owner: postgres
--

COMMENT ON COLUMN public.menus.active_icon IS '激活图标';


--
-- Name: COLUMN menus.active_path; Type: COMMENT; Schema: public; Owner: postgres
--

COMMENT ON COLUMN public.menus.active_path IS '当前激活的菜单，有时候不想激活现有菜单，需要激活父级菜单时使用';


--
-- Name: COLUMN menus.max_num_of_open_tab; Type: COMMENT; Schema: public; Owner: postgres
--

COMMENT ON COLUMN public.menus.max_num_of_open_tab IS '标签页最大打开数量';


--
-- Name: COLUMN menus.ignore_auth; Type: COMMENT; Schema: public; Owner: postgres
--

COMMENT ON COLUMN public.menus.ignore_auth IS '忽略权限,0-否，1-是';


--
-- Name: COLUMN menus.keepalive; Type: COMMENT; Schema: public; Owner: postgres
--

COMMENT ON COLUMN public.menus.keepalive IS '缓存,0-否，1-是';


--
-- Name: COLUMN menus.permission; Type: COMMENT; Schema: public; Owner: postgres
--

COMMENT ON COLUMN public.menus.permission IS '权限标识';


--
-- Name: COLUMN menus.affix_tab; Type: COMMENT; Schema: public; Owner: postgres
--

COMMENT ON COLUMN public.menus.affix_tab IS '固钉,0-否，1-是';


--
-- Name: COLUMN menus.affix_tab_order; Type: COMMENT; Schema: public; Owner: postgres
--

COMMENT ON COLUMN public.menus.affix_tab_order IS '固定标签页的顺序';


--
-- Name: COLUMN menus.hide_in_menu; Type: COMMENT; Schema: public; Owner: postgres
--

COMMENT ON COLUMN public.menus.hide_in_menu IS '隐藏在菜单,0-否，1-是';


--
-- Name: COLUMN menus.hide_in_tab; Type: COMMENT; Schema: public; Owner: postgres
--

COMMENT ON COLUMN public.menus.hide_in_tab IS '隐藏在标签页,0-否，1-是';


--
-- Name: COLUMN menus.hide_in_breadcrumb; Type: COMMENT; Schema: public; Owner: postgres
--

COMMENT ON COLUMN public.menus.hide_in_breadcrumb IS '隐藏在面包屑,0-否，1-是';


--
-- Name: COLUMN menus.hide_children_in_menu; Type: COMMENT; Schema: public; Owner: postgres
--

COMMENT ON COLUMN public.menus.hide_children_in_menu IS '子页面隐藏在菜单中,0-否，1-是';


--
-- Name: menus_id_seq; Type: SEQUENCE; Schema: public; Owner: postgres
--

ALTER TABLE public.menus ALTER COLUMN id ADD GENERATED BY DEFAULT AS IDENTITY (
    SEQUENCE NAME public.menus_id_seq
    START WITH 1
    INCREMENT BY 1
    NO MINVALUE
    NO MAXVALUE
    CACHE 1
);


--
-- Name: roles; Type: TABLE; Schema: public; Owner: postgres
--

CREATE TABLE public.roles (
    id bigint NOT NULL,
    create_time timestamp with time zone NOT NULL,
    update_time timestamp with time zone NOT NULL,
    name character varying NOT NULL,
    value character varying NOT NULL,
    status boolean NOT NULL,
    "desc" character varying NOT NULL,
    menu character varying NOT NULL
);


ALTER TABLE public.roles OWNER TO postgres;

--
-- Name: COLUMN roles.name; Type: COMMENT; Schema: public; Owner: postgres
--

COMMENT ON COLUMN public.roles.name IS '角色名称';


--
-- Name: COLUMN roles.value; Type: COMMENT; Schema: public; Owner: postgres
--

COMMENT ON COLUMN public.roles.value IS '角色值';


--
-- Name: COLUMN roles.status; Type: COMMENT; Schema: public; Owner: postgres
--

COMMENT ON COLUMN public.roles.status IS '0-禁用，1-启用';


--
-- Name: COLUMN roles."desc"; Type: COMMENT; Schema: public; Owner: postgres
--

COMMENT ON COLUMN public.roles."desc" IS '简介';


--
-- Name: COLUMN roles.menu; Type: COMMENT; Schema: public; Owner: postgres
--

COMMENT ON COLUMN public.roles.menu IS '权限菜单ID列表';


--
-- Name: roles_id_seq; Type: SEQUENCE; Schema: public; Owner: postgres
--

ALTER TABLE public.roles ALTER COLUMN id ADD GENERATED BY DEFAULT AS IDENTITY (
    SEQUENCE NAME public.roles_id_seq
    START WITH 1
    INCREMENT BY 1
    NO MINVALUE
    NO MAXVALUE
    CACHE 1
);


--
-- Name: rules; Type: TABLE; Schema: public; Owner: postgres
--

CREATE TABLE public.rules (
    id bigint NOT NULL,
    create_time timestamp with time zone NOT NULL,
    update_time timestamp with time zone NOT NULL,
    ptype character varying NOT NULL,
    v0 character varying NOT NULL,
    v1 character varying NOT NULL,
    v2 character varying NOT NULL,
    v3 character varying NOT NULL,
    v4 character varying NOT NULL,
    v5 character varying NOT NULL
);


ALTER TABLE public.rules OWNER TO postgres;

--
-- Name: rules_id_seq; Type: SEQUENCE; Schema: public; Owner: postgres
--

ALTER TABLE public.rules ALTER COLUMN id ADD GENERATED BY DEFAULT AS IDENTITY (
    SEQUENCE NAME public.rules_id_seq
    START WITH 1
    INCREMENT BY 1
    NO MINVALUE
    NO MAXVALUE
    CACHE 1
);


--
-- Name: user_roles; Type: TABLE; Schema: public; Owner: postgres
--

CREATE TABLE public.user_roles (
    user_id uuid NOT NULL,
    role_id bigint NOT NULL
);


ALTER TABLE public.user_roles OWNER TO postgres;

--
-- Name: users; Type: TABLE; Schema: public; Owner: postgres
--

CREATE TABLE public.users (
    id uuid NOT NULL,
    create_time timestamp with time zone NOT NULL,
    update_time timestamp with time zone NOT NULL,
    username character varying NOT NULL,
    password character varying NOT NULL,
    nickname character varying NOT NULL,
    status smallint NOT NULL,
    avatar character varying NOT NULL,
    "desc" character varying NOT NULL,
    extension character varying NOT NULL
);


ALTER TABLE public.users OWNER TO postgres;

--
-- Name: TABLE users; Type: COMMENT; Schema: public; Owner: postgres
--

COMMENT ON TABLE public.users IS 'Comment that appears in both the schema and the generated code';


--
-- Name: COLUMN users.username; Type: COMMENT; Schema: public; Owner: postgres
--

COMMENT ON COLUMN public.users.username IS '用户名';


--
-- Name: COLUMN users.password; Type: COMMENT; Schema: public; Owner: postgres
--

COMMENT ON COLUMN public.users.password IS '密码';


--
-- Name: COLUMN users.nickname; Type: COMMENT; Schema: public; Owner: postgres
--

COMMENT ON COLUMN public.users.nickname IS '昵称';


--
-- Name: COLUMN users.status; Type: COMMENT; Schema: public; Owner: postgres
--

COMMENT ON COLUMN public.users.status IS '0-锁定，1-正常';


--
-- Name: COLUMN users.avatar; Type: COMMENT; Schema: public; Owner: postgres
--

COMMENT ON COLUMN public.users.avatar IS '头像';


--
-- Name: COLUMN users."desc"; Type: COMMENT; Schema: public; Owner: postgres
--

COMMENT ON COLUMN public.users."desc" IS '备注';


--
-- Name: COLUMN users.extension; Type: COMMENT; Schema: public; Owner: postgres
--

COMMENT ON COLUMN public.users.extension IS '扩展信息';


--
-- Data for Name: casbin_rules; Type: TABLE DATA; Schema: public; Owner: postgres
--

COPY public.casbin_rules (id, ptype, v0, v1, v2, v3, v4, v5) FROM stdin;
3	g	d1f7b7c1-c0b6-4707-aa17-5055b09b3ae8	role:admin				
5	g2	/diagnoseClass/{id}/diagnoseRow/*	api:default				
10	g2	/basic-api/menu/all	api:default				
6	g2	/basic-api/getUserInfo/{id}	api:default				
8	g2	/basic-api/user/info	api:default				
9	g2	/basic-api/auth/codes	api:default				
11	g2	/basic-api/system/getAccountList	page:user				
13	g2	/basic-api/system/addUser	page:user				
12	g2	/basic-api/system/getRoleListByPage	page:role				
14	g2	/basic-api/system/delUser/{id}	page:user				
31	p2	role:admin	page:user	(GET|POST|DELETE)			
30	p2	role:admin	api:default	(GET|POST)			
32	p2	role:default	api:default	(GET|POST)			
10008	g	1c1782e5-6e70-4807-b381-f6461b5a685c	role:admin				
10009	g	a0bb672a-a4b1-4ec9-807a-ba11e000d2a4	role:default				
33	p2	role:admin	page:role	(GET|POST|DELETE)			
10011	g	17e45c8d-2087-4437-b7f7-fdbf0ca40224	role:default				
10012	g	d32e2317-07b4-4af3-b9dd-9d2648e5a0ac	role:admin				
\.


--
-- Data for Name: dept_users; Type: TABLE DATA; Schema: public; Owner: postgres
--

COPY public.dept_users (dept_id, user_id) FROM stdin;
\.


--
-- Data for Name: depts; Type: TABLE DATA; Schema: public; Owner: postgres
--

COPY public.depts (id, create_time, update_time, name, sort, status, "desc", extension, dom, dept_roles, pid) FROM stdin;
\.


--
-- Data for Name: menus; Type: TABLE DATA; Schema: public; Owner: postgres
--

COPY public.menus (id, create_time, update_time, pid, type, status, name, title, icon, "order", path, component, redirect, link, iframe_src, active_icon, active_path, max_num_of_open_tab, ignore_auth, keepalive, permission, affix_tab, affix_tab_order, hide_in_menu, hide_in_tab, hide_in_breadcrumb, hide_children_in_menu) FROM stdin;
15	2024-07-08 14:25:32.213+00	2024-07-08 14:25:32.213+00	13	1	f	Upload	demos.upload	mdi:cloud-key-outline	1002	upload	/demos/upload/index				true		0	t	f		f	0	f	f	f	f
12	2024-07-08 14:25:32.213+00	2024-07-08 14:25:32.213+00	10	1	t	Workspace	page.dashboard.workspace	ion:grid-outline	2	/workspace	/dashboard/workspace/index				true		0	t	f		f	0	f	f	f	f
11	2024-07-08 14:25:32.213+00	2024-07-08 14:25:32.213+00	10	1	t	Analysis	page.dashboard.analytics	lucide:area-chart	1	/analytics	/dashboard/analytics/index				true		0	t	f		f	0	f	f	f	f
16	2024-07-08 14:25:32.213+00	2024-07-08 14:25:32.213+00	0	0	t	System	system.title	ic:baseline-view-in-ar	5	/system	BasicLayout	/system			true		0	t	f		f	0	f	f	f	f
10	2024-07-08 14:25:32.213+00	2024-07-08 14:25:32.213+00	0	0	t	Dashboard	page.dashboard.title	lucide:layout-dashboard	1	/dashboard	BasicLayout	/analytics			true		0	t	f		f	0	f	f	f	f
17	2024-07-08 14:25:32.213+00	2024-07-08 14:25:32.213+00	16	1	t	User	system.user	mdi:cloud-key-outline	1001	user	/system/user/index				true		0	t	f		f	0	f	f	f	f
18	2024-07-08 14:25:32.213+00	2024-07-08 14:25:32.213+00	16	1	t	Role	system.role	mdi:cloud-key-outline	1002	role	/system/role/index				true		0	t	f		f	0	f	f	f	f
14	2024-07-08 14:25:32.213+00	2024-07-08 14:25:32.213+00	13	1	f	Antd	demos.antd	mdi:cloud-key-outline	1001	antd	/demos/antd/index				true		0	t	f		f	0	f	f	f	f
13	2024-07-08 14:25:32.213+00	2024-07-08 14:25:32.213+00	0	0	f	Demos	demos.title	ic:baseline-view-in-ar	1000	/demos	BasicLayout	/demos/access			true		0	t	f		f	0	f	f	f	f
\.


--
-- Data for Name: roles; Type: TABLE DATA; Schema: public; Owner: postgres
--

COPY public.roles (id, create_time, update_time, name, value, status, "desc", menu) FROM stdin;
2	2025-02-24 16:00:39.255+00	2025-02-24 16:00:43.012+00	管理员	admin	t		10,11,12,13,14,15,16,17,18
0	2025-02-24 16:00:39.255+00	2025-02-24 16:00:43.012+00	默认角色	default	t		10,11,12,13,14,15
1	2025-02-24 16:00:39.255+00	2025-02-24 16:00:43.012+00	超级管理员	root	t		10,11,12,13,14,15,16,17,18
\.


--
-- Data for Name: rules; Type: TABLE DATA; Schema: public; Owner: postgres
--

COPY public.rules (id, create_time, update_time, ptype, v0, v1, v2, v3, v4, v5) FROM stdin;
\.


--
-- Data for Name: user_roles; Type: TABLE DATA; Schema: public; Owner: postgres
--

COPY public.user_roles (user_id, role_id) FROM stdin;
d1f7b7c1-c0b6-4707-aa17-5055b09b3ae8	1
1c1782e5-6e70-4807-b381-f6461b5a685c	2
a0bb672a-a4b1-4ec9-807a-ba11e000d2a4	0
17e45c8d-2087-4437-b7f7-fdbf0ca40224	0
d32e2317-07b4-4af3-b9dd-9d2648e5a0ac	2
\.


--
-- Data for Name: users; Type: TABLE DATA; Schema: public; Owner: postgres
--

COPY public.users (id, create_time, update_time, username, password, nickname, status, avatar, "desc", extension) FROM stdin;
1c1782e5-6e70-4807-b381-f6461b5a685c	2025-02-26 10:59:08.227336+00	2025-02-26 10:59:08.227336+00	test	test666		1	https://q1.qlogo.cn/g?b=qq&nk=190848757&s=640		{"userRole":[{"role":"default"}],"email":"123456"}
17e45c8d-2087-4437-b7f7-fdbf0ca40224	2025-02-26 15:21:51.909476+00	2025-02-26 15:21:51.909476+00	test666	test666		1	https://q1.qlogo.cn/g?b=qq&nk=190848757&s=640		{"userRole":[{"role":"default"}],"email":"123456"}
a0bb672a-a4b1-4ec9-807a-ba11e000d2a4	2025-02-26 10:59:32.728386+00	2025-02-26 10:59:32.728387+00	jack	123456	test1	1	https://q1.qlogo.cn/g?b=qq&nk=190848757&s=640		{"userRole":[{"role":"default"}],"email":"123456"}
d1f7b7c1-c0b6-4707-aa17-5055b09b3ae8	2023-05-17 14:29:18.185161+00	2023-06-03 15:20:19.378832+00	vben	123456	admin	1	https://q1.qlogo.cn/g?b=qq&nk=190848757&s=640	test	{"userRole":[{"role":"default"}],"email":"123456"}
d32e2317-07b4-4af3-b9dd-9d2648e5a0ac	2025-02-26 15:50:58.870152+00	2025-02-26 15:50:58.870153+00	test777	test777		1	https://q1.qlogo.cn/g?b=qq&nk=190848757&s=640		{"userRole":[{"role":"admin"}],"email":"test777"}
\.


--
-- Name: casbin_rules_id_seq; Type: SEQUENCE SET; Schema: public; Owner: postgres
--

SELECT pg_catalog.setval('public.casbin_rules_id_seq', 10012, true);


--
-- Name: depts_id_seq; Type: SEQUENCE SET; Schema: public; Owner: postgres
--

SELECT pg_catalog.setval('public.depts_id_seq', 1, false);


--
-- Name: menus_id_seq; Type: SEQUENCE SET; Schema: public; Owner: postgres
--

SELECT pg_catalog.setval('public.menus_id_seq', 1, false);


--
-- Name: roles_id_seq; Type: SEQUENCE SET; Schema: public; Owner: postgres
--

SELECT pg_catalog.setval('public.roles_id_seq', 1, false);


--
-- Name: rules_id_seq; Type: SEQUENCE SET; Schema: public; Owner: postgres
--

SELECT pg_catalog.setval('public.rules_id_seq', 1, false);


--
-- Name: casbin_rules casbin_rules_pkey; Type: CONSTRAINT; Schema: public; Owner: postgres
--

ALTER TABLE ONLY public.casbin_rules
    ADD CONSTRAINT casbin_rules_pkey PRIMARY KEY (id);


--
-- Name: dept_users dept_users_pkey; Type: CONSTRAINT; Schema: public; Owner: postgres
--

ALTER TABLE ONLY public.dept_users
    ADD CONSTRAINT dept_users_pkey PRIMARY KEY (dept_id, user_id);


--
-- Name: depts depts_pkey; Type: CONSTRAINT; Schema: public; Owner: postgres
--

ALTER TABLE ONLY public.depts
    ADD CONSTRAINT depts_pkey PRIMARY KEY (id);


--
-- Name: menus menus_pkey; Type: CONSTRAINT; Schema: public; Owner: postgres
--

ALTER TABLE ONLY public.menus
    ADD CONSTRAINT menus_pkey PRIMARY KEY (id);


--
-- Name: roles roles_pkey; Type: CONSTRAINT; Schema: public; Owner: postgres
--

ALTER TABLE ONLY public.roles
    ADD CONSTRAINT roles_pkey PRIMARY KEY (id);


--
-- Name: rules rules_pkey; Type: CONSTRAINT; Schema: public; Owner: postgres
--

ALTER TABLE ONLY public.rules
    ADD CONSTRAINT rules_pkey PRIMARY KEY (id);


--
-- Name: user_roles user_roles_pkey; Type: CONSTRAINT; Schema: public; Owner: postgres
--

ALTER TABLE ONLY public.user_roles
    ADD CONSTRAINT user_roles_pkey PRIMARY KEY (user_id, role_id);


--
-- Name: users users_pkey; Type: CONSTRAINT; Schema: public; Owner: postgres
--

ALTER TABLE ONLY public.users
    ADD CONSTRAINT users_pkey PRIMARY KEY (id);


--
-- Name: dept_users dept_users_dept_id; Type: FK CONSTRAINT; Schema: public; Owner: postgres
--

ALTER TABLE ONLY public.dept_users
    ADD CONSTRAINT dept_users_dept_id FOREIGN KEY (dept_id) REFERENCES public.depts(id) ON DELETE CASCADE;


--
-- Name: dept_users dept_users_user_id; Type: FK CONSTRAINT; Schema: public; Owner: postgres
--

ALTER TABLE ONLY public.dept_users
    ADD CONSTRAINT dept_users_user_id FOREIGN KEY (user_id) REFERENCES public.users(id) ON DELETE CASCADE;


--
-- Name: depts depts_depts_children; Type: FK CONSTRAINT; Schema: public; Owner: postgres
--

ALTER TABLE ONLY public.depts
    ADD CONSTRAINT depts_depts_children FOREIGN KEY (pid) REFERENCES public.depts(id) ON DELETE SET NULL;


--
-- Name: depts depts_roles_roles; Type: FK CONSTRAINT; Schema: public; Owner: postgres
--

ALTER TABLE ONLY public.depts
    ADD CONSTRAINT depts_roles_roles FOREIGN KEY (dept_roles) REFERENCES public.roles(id) ON DELETE SET NULL;


--
-- Name: user_roles user_roles_role_id; Type: FK CONSTRAINT; Schema: public; Owner: postgres
--

ALTER TABLE ONLY public.user_roles
    ADD CONSTRAINT user_roles_role_id FOREIGN KEY (role_id) REFERENCES public.roles(id) ON DELETE CASCADE;


--
-- Name: user_roles user_roles_user_id; Type: FK CONSTRAINT; Schema: public; Owner: postgres
--

ALTER TABLE ONLY public.user_roles
    ADD CONSTRAINT user_roles_user_id FOREIGN KEY (user_id) REFERENCES public.users(id) ON DELETE CASCADE;


--
-- Name: SCHEMA public; Type: ACL; Schema: -; Owner: postgres
--

REVOKE USAGE ON SCHEMA public FROM PUBLIC;
GRANT ALL ON SCHEMA public TO PUBLIC;


--
-- PostgreSQL database dump complete
--

