--
-- PostgreSQL database dump
--

\restrict rnEyp1uqGbAsH7AG7pUXFc8PgnGZwVIva05LAzzC5l7ZPFdLZogcDPvTe5iEPs5

-- Dumped from database version 17.5 (Debian 17.5-1.pgdg120+1)
-- Dumped by pg_dump version 17.6 (Debian 17.6-1.pgdg13+1)

SET statement_timeout = 0;
SET lock_timeout = 0;
SET idle_in_transaction_session_timeout = 0;
SET transaction_timeout = 0;
SET client_encoding = 'UTF8';
SET standard_conforming_strings = on;
SELECT pg_catalog.set_config('search_path', '', false);
SET check_function_bodies = false;
SET xmloption = content;
SET client_min_messages = warning;
SET row_security = off;

SET default_tablespace = '';

SET default_table_access_method = heap;

--
-- Name: api_resources_roles; Type: TABLE; Schema: public; Owner: postgres
--

CREATE TABLE public.api_resources_roles (
                                            api_resources_id character varying NOT NULL,
                                            role_id bigint NOT NULL
);


ALTER TABLE public.api_resources_roles OWNER TO postgres;

--
-- Name: casbin_rules; Type: TABLE; Schema: public; Owner: postgres
--

CREATE TABLE public.casbin_rules (
                                     id bigint NOT NULL,
                                     ptype character varying DEFAULT ''::character varying NOT NULL,
                                     v0 character varying DEFAULT ''::character varying NOT NULL,
                                     v1 character varying DEFAULT ''::character varying NOT NULL,
                                     v2 character varying DEFAULT ''::character varying NOT NULL,
                                     v3 character varying DEFAULT ''::character varying NOT NULL,
                                     v4 character varying DEFAULT ''::character varying NOT NULL,
                                     v5 character varying DEFAULT ''::character varying NOT NULL
);


ALTER TABLE public.casbin_rules OWNER TO postgres;

--
-- Name: casbin_rules_id_seq; Type: SEQUENCE; Schema: public; Owner: postgres
--

ALTER TABLE public.casbin_rules ALTER COLUMN id ADD GENERATED BY DEFAULT AS IDENTITY (
    SEQUENCE NAME public.casbin_rules_id_seq
    START WITH 1
    INCREMENT BY 1
    NO MINVALUE
    NO MAXVALUE
    CACHE 1
);


--
-- Name: dept_users; Type: TABLE; Schema: public; Owner: postgres
--

CREATE TABLE public.dept_users (
                                   dept_id bigint NOT NULL,
                                   user_id uuid NOT NULL
);


ALTER TABLE public.dept_users OWNER TO postgres;

--
-- Name: sys_dept; Type: TABLE; Schema: public; Owner: postgres
--

CREATE TABLE public.sys_dept (
                                 id bigint NOT NULL,
                                 create_time timestamp with time zone NOT NULL,
                                 update_time timestamp with time zone NOT NULL,
                                 name character varying NOT NULL,
                                 sort integer NOT NULL,
                                 status boolean NOT NULL,
                                 "desc" character varying NOT NULL,
                                 extension character varying NOT NULL,
                                 dom bigint NOT NULL,
                                 dept_roles bigint,
                                 pid bigint
);


ALTER TABLE public.sys_dept OWNER TO postgres;

--
-- Name: TABLE sys_dept; Type: COMMENT; Schema: public; Owner: postgres
--

COMMENT ON TABLE public.sys_dept IS '部门表';


--
-- Name: COLUMN sys_dept.name; Type: COMMENT; Schema: public; Owner: postgres
--

COMMENT ON COLUMN public.sys_dept.name IS '部门名称';


--
-- Name: COLUMN sys_dept.sort; Type: COMMENT; Schema: public; Owner: postgres
--

COMMENT ON COLUMN public.sys_dept.sort IS '排序';


--
-- Name: COLUMN sys_dept.status; Type: COMMENT; Schema: public; Owner: postgres
--

COMMENT ON COLUMN public.sys_dept.status IS '0-锁定，1-正常';


--
-- Name: COLUMN sys_dept."desc"; Type: COMMENT; Schema: public; Owner: postgres
--

COMMENT ON COLUMN public.sys_dept."desc" IS '备注';


--
-- Name: COLUMN sys_dept.extension; Type: COMMENT; Schema: public; Owner: postgres
--

COMMENT ON COLUMN public.sys_dept.extension IS '扩展信息';


--
-- Name: COLUMN sys_dept.dom; Type: COMMENT; Schema: public; Owner: postgres
--

COMMENT ON COLUMN public.sys_dept.dom IS '域';


--
-- Name: COLUMN sys_dept.pid; Type: COMMENT; Schema: public; Owner: postgres
--

COMMENT ON COLUMN public.sys_dept.pid IS '父节点id';


--
-- Name: depts_id_seq; Type: SEQUENCE; Schema: public; Owner: postgres
--

ALTER TABLE public.sys_dept ALTER COLUMN id ADD GENERATED BY DEFAULT AS IDENTITY (
    SEQUENCE NAME public.depts_id_seq
    START WITH 1
    INCREMENT BY 1
    NO MINVALUE
    NO MAXVALUE
    CACHE 1
);


--
-- Name: sys_menu; Type: TABLE; Schema: public; Owner: postgres
--

CREATE TABLE public.sys_menu (
                                 id bigint NOT NULL,
                                 create_time timestamp with time zone NOT NULL,
                                 update_time timestamp with time zone NOT NULL,
                                 pid bigint NOT NULL,
                                 type character varying NOT NULL,
                                 status boolean DEFAULT false NOT NULL,
                                 path character varying NOT NULL,
                                 redirect character varying DEFAULT ''::character varying NOT NULL,
                                 alias character varying DEFAULT ''::character varying NOT NULL,
                                 name character varying NOT NULL,
                                 component character varying NOT NULL,
                                 icon character varying DEFAULT ''::character varying NOT NULL,
                                 title character varying NOT NULL,
                                 "order" integer DEFAULT 0 NOT NULL,
                                 open_in_new_window boolean DEFAULT false NOT NULL,
                                 no_basic_layout boolean DEFAULT false NOT NULL,
                                 menu_visible_with_forbidden boolean DEFAULT false NOT NULL,
                                 link character varying DEFAULT ''::character varying NOT NULL,
                                 iframe_src character varying DEFAULT ''::character varying NOT NULL,
                                 active_icon character varying DEFAULT ''::character varying NOT NULL,
                                 active_path character varying DEFAULT ''::character varying NOT NULL,
                                 max_num_of_open_tab smallint DEFAULT '-1'::integer NOT NULL,
                                 keepalive boolean DEFAULT false NOT NULL,
                                 ignore_access boolean DEFAULT false NOT NULL,
                                 authority character varying DEFAULT ''::character varying NOT NULL,
                                 affix_tab boolean DEFAULT false NOT NULL,
                                 affix_tab_order smallint DEFAULT 0 NOT NULL,
                                 hide_in_menu boolean DEFAULT false NOT NULL,
                                 hide_in_tab boolean DEFAULT false NOT NULL,
                                 hide_in_breadcrumb boolean DEFAULT false NOT NULL,
                                 hide_children_in_menu boolean DEFAULT false NOT NULL,
                                 full_path_key boolean DEFAULT true NOT NULL,
                                 badge character varying DEFAULT ''::character varying NOT NULL,
                                 badge_type character varying DEFAULT 'normal'::character varying NOT NULL,
                                 badge_variants character varying DEFAULT 'success'::character varying NOT NULL
);


ALTER TABLE public.sys_menu OWNER TO postgres;

--
-- Name: TABLE sys_menu; Type: COMMENT; Schema: public; Owner: postgres
--

COMMENT ON TABLE public.sys_menu IS '菜单表';


--
-- Name: COLUMN sys_menu.pid; Type: COMMENT; Schema: public; Owner: postgres
--

COMMENT ON COLUMN public.sys_menu.pid IS '上一级ID';


--
-- Name: COLUMN sys_menu.type; Type: COMMENT; Schema: public; Owner: postgres
--

COMMENT ON COLUMN public.sys_menu.type IS '菜单类型,catalog-目录，menu-菜单，embedded-内嵌，link-外链，button-按钮';


--
-- Name: COLUMN sys_menu.status; Type: COMMENT; Schema: public; Owner: postgres
--

COMMENT ON COLUMN public.sys_menu.status IS '状态,0-禁用，1-启用';


--
-- Name: COLUMN sys_menu.path; Type: COMMENT; Schema: public; Owner: postgres
--

COMMENT ON COLUMN public.sys_menu.path IS '路由path';


--
-- Name: COLUMN sys_menu.redirect; Type: COMMENT; Schema: public; Owner: postgres
--

COMMENT ON COLUMN public.sys_menu.redirect IS '重定向path';


--
-- Name: COLUMN sys_menu.alias; Type: COMMENT; Schema: public; Owner: postgres
--

COMMENT ON COLUMN public.sys_menu.alias IS '记录的别名，例如/users/:id和/u/:id。所有alias和path值必须共享相同的参数。';


--
-- Name: COLUMN sys_menu.name; Type: COMMENT; Schema: public; Owner: postgres
--

COMMENT ON COLUMN public.sys_menu.name IS '组件名';


--
-- Name: COLUMN sys_menu.component; Type: COMMENT; Schema: public; Owner: postgres
--

COMMENT ON COLUMN public.sys_menu.component IS '组件路径';


--
-- Name: COLUMN sys_menu.icon; Type: COMMENT; Schema: public; Owner: postgres
--

COMMENT ON COLUMN public.sys_menu.icon IS '图标';


--
-- Name: COLUMN sys_menu.title; Type: COMMENT; Schema: public; Owner: postgres
--

COMMENT ON COLUMN public.sys_menu.title IS '显示名称';


--
-- Name: COLUMN sys_menu."order"; Type: COMMENT; Schema: public; Owner: postgres
--

COMMENT ON COLUMN public.sys_menu."order" IS '排序(越小越前)';


--
-- Name: COLUMN sys_menu.open_in_new_window; Type: COMMENT; Schema: public; Owner: postgres
--

COMMENT ON COLUMN public.sys_menu.open_in_new_window IS '在新窗口打开';


--
-- Name: COLUMN sys_menu.no_basic_layout; Type: COMMENT; Schema: public; Owner: postgres
--

COMMENT ON COLUMN public.sys_menu.no_basic_layout IS '不使用基础布局（仅在顶级生效）';


--
-- Name: COLUMN sys_menu.menu_visible_with_forbidden; Type: COMMENT; Schema: public; Owner: postgres
--

COMMENT ON COLUMN public.sys_menu.menu_visible_with_forbidden IS '菜单可以看到，但是访问会被重定向到403';


--
-- Name: COLUMN sys_menu.link; Type: COMMENT; Schema: public; Owner: postgres
--

COMMENT ON COLUMN public.sys_menu.link IS '外链-跳转路径';


--
-- Name: COLUMN sys_menu.iframe_src; Type: COMMENT; Schema: public; Owner: postgres
--

COMMENT ON COLUMN public.sys_menu.iframe_src IS 'iframe地址';


--
-- Name: COLUMN sys_menu.active_icon; Type: COMMENT; Schema: public; Owner: postgres
--

COMMENT ON COLUMN public.sys_menu.active_icon IS '激活图标（菜单）';


--
-- Name: COLUMN sys_menu.active_path; Type: COMMENT; Schema: public; Owner: postgres
--

COMMENT ON COLUMN public.sys_menu.active_path IS '当前激活的菜单，有时候不想激活现有菜单，需要激活父级菜单时使用';


--
-- Name: COLUMN sys_menu.max_num_of_open_tab; Type: COMMENT; Schema: public; Owner: postgres
--

COMMENT ON COLUMN public.sys_menu.max_num_of_open_tab IS '标签页最大打开数量';


--
-- Name: COLUMN sys_menu.keepalive; Type: COMMENT; Schema: public; Owner: postgres
--

COMMENT ON COLUMN public.sys_menu.keepalive IS '缓存,0-否，1-是';


--
-- Name: COLUMN sys_menu.ignore_access; Type: COMMENT; Schema: public; Owner: postgres
--

COMMENT ON COLUMN public.sys_menu.ignore_access IS '忽略权限，直接可以访问';


--
-- Name: COLUMN sys_menu.authority; Type: COMMENT; Schema: public; Owner: postgres
--

COMMENT ON COLUMN public.sys_menu.authority IS '需要特定的角色标识才可以访问(数组，'',''分割)';


--
-- Name: COLUMN sys_menu.affix_tab; Type: COMMENT; Schema: public; Owner: postgres
--

COMMENT ON COLUMN public.sys_menu.affix_tab IS '是否固定标签页,0-否，1-是';


--
-- Name: COLUMN sys_menu.affix_tab_order; Type: COMMENT; Schema: public; Owner: postgres
--

COMMENT ON COLUMN public.sys_menu.affix_tab_order IS '固定标签页的顺序';


--
-- Name: COLUMN sys_menu.hide_in_menu; Type: COMMENT; Schema: public; Owner: postgres
--

COMMENT ON COLUMN public.sys_menu.hide_in_menu IS '当前路由在菜单中不展现,0-否，1-是';


--
-- Name: COLUMN sys_menu.hide_in_tab; Type: COMMENT; Schema: public; Owner: postgres
--

COMMENT ON COLUMN public.sys_menu.hide_in_tab IS '当前路由在标签页不展现,0-否，1-是';


--
-- Name: COLUMN sys_menu.hide_in_breadcrumb; Type: COMMENT; Schema: public; Owner: postgres
--

COMMENT ON COLUMN public.sys_menu.hide_in_breadcrumb IS '当前路由在面包屑中不展现,0-否，1-是';


--
-- Name: COLUMN sys_menu.hide_children_in_menu; Type: COMMENT; Schema: public; Owner: postgres
--

COMMENT ON COLUMN public.sys_menu.hide_children_in_menu IS '当前路由的子级在菜单中不展现,0-否，1-是';


--
-- Name: COLUMN sys_menu.full_path_key; Type: COMMENT; Schema: public; Owner: postgres
--

COMMENT ON COLUMN public.sys_menu.full_path_key IS '路由的完整路径作为key（默认true）';


--
-- Name: COLUMN sys_menu.badge; Type: COMMENT; Schema: public; Owner: postgres
--

COMMENT ON COLUMN public.sys_menu.badge IS '用于配置页面的徽标，会在菜单显示';


--
-- Name: COLUMN sys_menu.badge_type; Type: COMMENT; Schema: public; Owner: postgres
--

COMMENT ON COLUMN public.sys_menu.badge_type IS '用于配置页面的徽标类型，dot 为小红点，normal 为文本';


--
-- Name: COLUMN sys_menu.badge_variants; Type: COMMENT; Schema: public; Owner: postgres
--

COMMENT ON COLUMN public.sys_menu.badge_variants IS '用于配置页面的徽标颜色。类型：''default'' | ''destructive'' | ''primary'' | ''success'' | ''warning'' | string';


--
-- Name: menus_id_seq; Type: SEQUENCE; Schema: public; Owner: postgres
--

ALTER TABLE public.sys_menu ALTER COLUMN id ADD GENERATED BY DEFAULT AS IDENTITY (
    SEQUENCE NAME public.menus_id_seq
    START WITH 1
    INCREMENT BY 1
    NO MINVALUE
    NO MAXVALUE
    CACHE 1
);


--
-- Name: resource_roles; Type: TABLE; Schema: public; Owner: postgres
--

CREATE TABLE public.resource_roles (
                                       resource_id character varying NOT NULL,
                                       role_id bigint NOT NULL
);


ALTER TABLE public.resource_roles OWNER TO postgres;

--
-- Name: sys_role; Type: TABLE; Schema: public; Owner: postgres
--

CREATE TABLE public.sys_role (
                                 id bigint NOT NULL,
                                 create_time timestamp with time zone NOT NULL,
                                 update_time timestamp with time zone NOT NULL,
                                 name character varying NOT NULL,
                                 value character varying NOT NULL,
                                 status boolean NOT NULL,
                                 "desc" character varying NOT NULL,
                                 menus jsonb NOT NULL
);


ALTER TABLE public.sys_role OWNER TO postgres;

--
-- Name: TABLE sys_role; Type: COMMENT; Schema: public; Owner: postgres
--

COMMENT ON TABLE public.sys_role IS '角色表';


--
-- Name: COLUMN sys_role.name; Type: COMMENT; Schema: public; Owner: postgres
--

COMMENT ON COLUMN public.sys_role.name IS '角色名称';


--
-- Name: COLUMN sys_role.value; Type: COMMENT; Schema: public; Owner: postgres
--

COMMENT ON COLUMN public.sys_role.value IS '角色值';


--
-- Name: COLUMN sys_role.status; Type: COMMENT; Schema: public; Owner: postgres
--

COMMENT ON COLUMN public.sys_role.status IS '0-禁用，1-启用';


--
-- Name: COLUMN sys_role."desc"; Type: COMMENT; Schema: public; Owner: postgres
--

COMMENT ON COLUMN public.sys_role."desc" IS '简介';


--
-- Name: COLUMN sys_role.menus; Type: COMMENT; Schema: public; Owner: postgres
--

COMMENT ON COLUMN public.sys_role.menus IS '权限菜单ID列表';


--
-- Name: roles_id_seq; Type: SEQUENCE; Schema: public; Owner: postgres
--

ALTER TABLE public.sys_role ALTER COLUMN id ADD GENERATED BY DEFAULT AS IDENTITY (
    SEQUENCE NAME public.roles_id_seq
    START WITH 1
    INCREMENT BY 1
    NO MINVALUE
    NO MAXVALUE
    CACHE 1
);


--
-- Name: sys_api_resources; Type: TABLE; Schema: public; Owner: postgres
--

CREATE TABLE public.sys_api_resources (
                                          id character varying NOT NULL,
                                          create_time timestamp with time zone NOT NULL,
                                          update_time timestamp with time zone NOT NULL,
                                          description character varying NOT NULL,
                                          path character varying NOT NULL,
                                          method character varying NOT NULL,
                                          module character varying NOT NULL,
                                          module_description character varying NOT NULL,
                                          resources_group character varying NOT NULL
);


ALTER TABLE public.sys_api_resources OWNER TO postgres;

--
-- Name: TABLE sys_api_resources; Type: COMMENT; Schema: public; Owner: postgres
--

COMMENT ON TABLE public.sys_api_resources IS '系统API表';


--
-- Name: COLUMN sys_api_resources.id; Type: COMMENT; Schema: public; Owner: postgres
--

COMMENT ON COLUMN public.sys_api_resources.id IS '数据唯一标识';


--
-- Name: COLUMN sys_api_resources.description; Type: COMMENT; Schema: public; Owner: postgres
--

COMMENT ON COLUMN public.sys_api_resources.description IS '描述';


--
-- Name: COLUMN sys_api_resources.path; Type: COMMENT; Schema: public; Owner: postgres
--

COMMENT ON COLUMN public.sys_api_resources.path IS '路径';


--
-- Name: COLUMN sys_api_resources.method; Type: COMMENT; Schema: public; Owner: postgres
--

COMMENT ON COLUMN public.sys_api_resources.method IS '方法';


--
-- Name: COLUMN sys_api_resources.module; Type: COMMENT; Schema: public; Owner: postgres
--

COMMENT ON COLUMN public.sys_api_resources.module IS '模块';


--
-- Name: COLUMN sys_api_resources.module_description; Type: COMMENT; Schema: public; Owner: postgres
--

COMMENT ON COLUMN public.sys_api_resources.module_description IS '模块描述';


--
-- Name: COLUMN sys_api_resources.resources_group; Type: COMMENT; Schema: public; Owner: postgres
--

COMMENT ON COLUMN public.sys_api_resources.resources_group IS '资源组';


--
-- Name: sys_resources; Type: TABLE; Schema: public; Owner: postgres
--

CREATE TABLE public.sys_resources (
                                      id character varying NOT NULL,
                                      create_time timestamp with time zone NOT NULL,
                                      update_time timestamp with time zone NOT NULL,
                                      name character varying NOT NULL,
                                      type character varying NOT NULL,
                                      value character varying NOT NULL,
                                      method character varying NOT NULL,
                                      description character varying NOT NULL
);


ALTER TABLE public.sys_resources OWNER TO postgres;

--
-- Name: TABLE sys_resources; Type: COMMENT; Schema: public; Owner: postgres
--

COMMENT ON TABLE public.sys_resources IS '系统资源表';


--
-- Name: COLUMN sys_resources.id; Type: COMMENT; Schema: public; Owner: postgres
--

COMMENT ON COLUMN public.sys_resources.id IS '数据唯一标识';


--
-- Name: COLUMN sys_resources.name; Type: COMMENT; Schema: public; Owner: postgres
--

COMMENT ON COLUMN public.sys_resources.name IS '资源名称';


--
-- Name: COLUMN sys_resources.type; Type: COMMENT; Schema: public; Owner: postgres
--

COMMENT ON COLUMN public.sys_resources.type IS '资源类型';


--
-- Name: COLUMN sys_resources.value; Type: COMMENT; Schema: public; Owner: postgres
--

COMMENT ON COLUMN public.sys_resources.value IS '资源值';


--
-- Name: COLUMN sys_resources.method; Type: COMMENT; Schema: public; Owner: postgres
--

COMMENT ON COLUMN public.sys_resources.method IS '对资源的操作';


--
-- Name: COLUMN sys_resources.description; Type: COMMENT; Schema: public; Owner: postgres
--

COMMENT ON COLUMN public.sys_resources.description IS '资源的描述';


--
-- Name: sys_user; Type: TABLE; Schema: public; Owner: postgres
--

CREATE TABLE public.sys_user (
                                 id uuid NOT NULL,
                                 create_time timestamp with time zone NOT NULL,
                                 update_time timestamp with time zone NOT NULL,
                                 username character varying NOT NULL,
                                 password character varying NOT NULL,
                                 nickname character varying NOT NULL,
                                 status smallint NOT NULL,
                                 avatar character varying NOT NULL,
                                 "desc" character varying NOT NULL,
                                 extension character varying NOT NULL
);


ALTER TABLE public.sys_user OWNER TO postgres;

--
-- Name: TABLE sys_user; Type: COMMENT; Schema: public; Owner: postgres
--

COMMENT ON TABLE public.sys_user IS '用户信息表';


--
-- Name: COLUMN sys_user.username; Type: COMMENT; Schema: public; Owner: postgres
--

COMMENT ON COLUMN public.sys_user.username IS '用户名';


--
-- Name: COLUMN sys_user.password; Type: COMMENT; Schema: public; Owner: postgres
--

COMMENT ON COLUMN public.sys_user.password IS '密码';


--
-- Name: COLUMN sys_user.nickname; Type: COMMENT; Schema: public; Owner: postgres
--

COMMENT ON COLUMN public.sys_user.nickname IS '昵称';


--
-- Name: COLUMN sys_user.status; Type: COMMENT; Schema: public; Owner: postgres
--

COMMENT ON COLUMN public.sys_user.status IS '0-锁定，1-正常';


--
-- Name: COLUMN sys_user.avatar; Type: COMMENT; Schema: public; Owner: postgres
--

COMMENT ON COLUMN public.sys_user.avatar IS '头像';


--
-- Name: COLUMN sys_user."desc"; Type: COMMENT; Schema: public; Owner: postgres
--

COMMENT ON COLUMN public.sys_user."desc" IS '备注';


--
-- Name: COLUMN sys_user.extension; Type: COMMENT; Schema: public; Owner: postgres
--

COMMENT ON COLUMN public.sys_user.extension IS '扩展信息';


--
-- Name: user_roles; Type: TABLE; Schema: public; Owner: postgres
--

CREATE TABLE public.user_roles (
                                   user_id uuid NOT NULL,
                                   role_id bigint NOT NULL
);


ALTER TABLE public.user_roles OWNER TO postgres;

--
-- Data for Name: api_resources_roles; Type: TABLE DATA; Schema: public; Owner: postgres
--

COPY public.api_resources_roles (api_resources_id, role_id) FROM stdin;
8c792117-dd5e-44cb-b320-98138407cb12	1
315b8b4f-cb22-4603-9073-632e2b89d4b9	1
4271c747-b1ea-4a9d-90d0-d878d3129d48	1
5d45211f-82e4-4627-890c-45d9d592c582	1
50263d5a-1e41-4041-9b33-f09bdac1cf50	1
ed21b0bc-f3b2-43ca-ad30-9da2395fc89e	1
7491d8a6-ff4a-48af-9f44-bd2692247cbc	1
5d3e3d6b-59a2-4e80-8a63-13515384718a	1
a9534316-0b9e-4423-b757-30bfcbc3d0e2	1
25ae93e1-bd13-4aab-9d7b-a1feed484703	1
0d954334-0b15-4968-8715-938a1c2e3e36	1
5731a5b5-57ff-4191-b821-551152382d01	1
d7b01126-aa75-42ee-8a3b-a4cb340bdb6d	1
75dd2615-7de0-4ba7-b857-e942d9b00683	1
f1803f02-b7ae-4863-b8f0-5ccb7ba9144c	1
12bf9bee-5f66-41be-8bb3-6879a463c617	1
922d0157-7d4c-468a-8594-aeb3a3b512c0	1
04c62894-35f6-4fee-8c04-9b192e899e1f	1
85c6f2f2-47f3-4dd2-a4eb-49eeeed274f6	1
4856dff8-bca3-4237-adeb-06b76948abb1	1
6a1c6949-9bac-41f2-aab0-2f82d38be860	1
c3c8ae64-1517-4f5b-aa62-7faf8443f7b5	1
608b9838-4897-4895-b7d3-23d14777def4	1
d80c567e-7a68-476e-8c50-48fcd38e4f8c	1
50621182-13b7-4a20-a4f8-ad3a23c30f4b	1
59df597f-a550-4522-8d59-361e53f82e15	1
5f7e30e6-b7de-40d0-a5a1-918ebdb8070d	1
34ee9444-3a04-46b3-8897-b6d177f13362	1
4900fbe2-2768-4b82-9a72-c86e8dc932e4	1
fdc5af35-f5fc-451e-b8b7-7f80d31bb19e	1
612596ed-ebc4-49bb-933b-f0e288f15a89	1
10e50f4f-0d15-45d5-bbb5-2241733e6f00	1
f6c12298-9b86-48bf-8a2e-4c60511ce3b9	1
f3de0d52-4adb-4cb8-84fb-57f31ced193e	1
\.


--
-- Data for Name: casbin_rules; Type: TABLE DATA; Schema: public; Owner: postgres
--

COPY public.casbin_rules (id, ptype, v0, v1, v2, v3, v4, v5) FROM stdin;
405	g2	/basic-api/system/user/{id}	api:user
406	g2	/basic-api/system/user/list	api:user
407	g2	/basic-api/system/dept/{id}	api:dept
408	g2	/basic-api/system/user/user-exists	api:default
409	g2	/basic-api/system/menu/list	api:menu
410	g2	/basic-api/system/menu	api:menu
411	g2	/basic-api/system/changePassword	api:null
412	g2	/basic-api/system/setRoleStatus	api:null
413	g2	/basic-api/auth/login	api:default
414	g2	/basic-api/user/info	api:default
415	g2	/basic-api/auth/codes	api:default
416	g2	/basic-api/auth/logout	api:default
417	g2	/basic-api/menu/all	api:default
418	g2	/basic-api/auth/refresh	api:default
419	g2	/basic-api/auth/reloadPolicy	api:admin
420	g2	/basic-api/system/user	api:user
421	g2	/basic-api/system/menu/{id}	api:menu
422	g2	/basic-api/system/menu/name-exists	api:menu
423	g2	/basic-api/system/menu/path-exists	api:menu
424	g2	/basic-api/system/dept/list	api:dept
425	g2	/basic-api/system/dept	api:dept
426	g2	/basic-api/system/role/list	api:role
427	g2	/basic-api/system/role	api:role
428	g2	/basic-api/system/role/{id}	api:role
429	g2	/basic-api/system/getWalkRoute	api:api
430	g2	/basic-api/system/api/list	api:api
431	g2	/basic-api/system/api	api:api
432	g2	/basic-api/system/api/{id}	api:api
433	g2	/basic-api/v1/server/file/upload	api:demo
434	g	a0bb672a-a4b1-4ec9-807a-ba11e000d2a4	role:admin
435	g	f4f9e258-fa13-4467-95fb-c86019a377f9	role:root
436	p2	role:admin	api:dept	(GET|POST|PUT|DELETE)
437	p2	role:admin	api:user	(GET|POST|PUT|DELETE)
438	p2	role:admin	api:role	(GET|POST|PUT|DELETE)
439	p2	role:admin	api:default	(GET|POST|PUT|DELETE)
\.


--
-- Data for Name: dept_users; Type: TABLE DATA; Schema: public; Owner: postgres
--

COPY public.dept_users (dept_id, user_id) FROM stdin;
\.


--
-- Data for Name: resource_roles; Type: TABLE DATA; Schema: public; Owner: postgres
--

COPY public.resource_roles (resource_id, role_id) FROM stdin;
d3213f61-23d8-4be3-a44a-63f49d8c6cec	2
779480bf-da02-46a4-8d87-89efbf1827de	2
33c2ca63-4b51-43c6-b432-075047e083d7	2
a0f9309e-d04a-42c8-9bf5-7dd8b1af6e36	2
\.


--
-- Data for Name: sys_api_resources; Type: TABLE DATA; Schema: public; Owner: postgres
--

COPY public.sys_api_resources (id, create_time, update_time, description, path, method, module, module_description, resources_group) FROM stdin;
8c792117-dd5e-44cb-b320-98138407cb12	2025-08-04 15:04:24.712827+08	2025-08-04 15:18:56.34993+08	更新用户	/basic-api/system/user/{id}	PUT	system	系统管理	user
315b8b4f-cb22-4603-9073-632e2b89d4b9	2025-08-04 15:03:23.968672+08	2025-08-04 15:19:21.114755+08	获取用户列表	/basic-api/system/user/list	GET	system	系统管理	user
4271c747-b1ea-4a9d-90d0-d878d3129d48	2025-08-04 15:10:26.160523+08	2025-08-04 15:21:36.357923+08	更新部门	/basic-api/system/dept/{id}	PUT	system	系统管理	dept
5d45211f-82e4-4627-890c-45d9d592c582	2025-08-04 15:05:01.806899+08	2025-08-04 15:19:37.864528+08	删除用户	/basic-api/system/user/{id}	DELETE	system	系统管理	user
50263d5a-1e41-4041-9b33-f09bdac1cf50	2025-08-04 15:05:44.318604+08	2025-08-04 15:19:59.883259+08	用户存在检查	/basic-api/system/user/user-exists	POST	base	基础接口	default
ed21b0bc-f3b2-43ca-ad30-9da2395fc89e	2025-08-04 15:06:14.336137+08	2025-08-04 15:20:17.612786+08	获取系统菜单列表	/basic-api/system/menu/list	GET	system	系统管理	menu
7491d8a6-ff4a-48af-9f44-bd2692247cbc	2025-08-04 15:06:39.631622+08	2025-08-04 15:20:24.565287+08	新增菜单	/basic-api/system/menu	POST	system	系统管理	menu
5d3e3d6b-59a2-4e80-8a63-13515384718a	2025-08-04 15:10:42.507623+08	2025-08-04 15:21:44.256987+08	删除部门	/basic-api/system/dept/{id}	DELETE	system	系统管理	dept
a9534316-0b9e-4423-b757-30bfcbc3d0e2	2025-08-04 15:13:33.425055+08	2025-08-04 15:13:33.425055+08	修改用户密码	/basic-api/system/changePassword	POST	null	未使用	null
25ae93e1-bd13-4aab-9d7b-a1feed484703	2025-08-04 15:13:06.250245+08	2025-08-04 15:13:42.867584+08	设置角色状态	/basic-api/system/setRoleStatus	POST	null	未使用	null
0d954334-0b15-4968-8715-938a1c2e3e36	2025-08-04 14:33:11.181624+08	2025-08-04 15:16:38.279908+08	登录	/basic-api/auth/login	POST	base	基础接口	default
5731a5b5-57ff-4191-b821-551152382d01	2025-08-04 14:58:14.425083+08	2025-08-04 15:17:01.736327+08	获取用户信息	/basic-api/user/info	GET	base	基础接口	default
d7b01126-aa75-42ee-8a3b-a4cb340bdb6d	2025-08-04 14:58:43.720203+08	2025-08-04 15:17:08.034627+08	获取用户权限码	/basic-api/auth/codes	GET	base	基础接口	default
75dd2615-7de0-4ba7-b857-e942d9b00683	2025-08-04 14:59:21.005137+08	2025-08-04 15:17:15.554464+08	退出登录	/basic-api/auth/logout	POST	base	基础接口	default
f1803f02-b7ae-4863-b8f0-5ccb7ba9144c	2025-08-04 15:00:10.283962+08	2025-08-04 15:17:23.646984+08	获取菜单路由	/basic-api/menu/all	GET	base	基础接口	default
12bf9bee-5f66-41be-8bb3-6879a463c617	2025-08-04 15:02:19.092311+08	2025-08-04 15:17:30.28259+08	使用refreshToken换取accessToken	/basic-api/auth/refresh	POST	base	基础接口	default
922d0157-7d4c-468a-8594-aeb3a3b512c0	2025-08-04 15:02:54.254527+08	2025-08-04 15:18:14.246285+08	刷新casbin权限缓存	/basic-api/auth/reloadPolicy	POST	admin	系统管理	admin
04c62894-35f6-4fee-8c04-9b192e899e1f	2025-08-04 15:03:59.72361+08	2025-08-04 15:18:41.818897+08	新增用户	/basic-api/system/user	POST	system	系统管理	user
85c6f2f2-47f3-4dd2-a4eb-49eeeed274f6	2025-08-04 15:06:59.045069+08	2025-08-04 15:20:33.380304+08	更新菜单	/basic-api/system/menu/{id}	PUT	system	系统管理	menu
4856dff8-bca3-4237-adeb-06b76948abb1	2025-08-04 15:07:17.005817+08	2025-08-04 15:20:44.397471+08	删除菜单	/basic-api/system/menu/{id}	DELETE	system	系统管理	menu
6a1c6949-9bac-41f2-aab0-2f82d38be860	2025-08-04 15:08:32.724302+08	2025-08-04 15:20:58.912095+08	菜单名重复检查	/basic-api/system/menu/name-exists	GET	system	系统管理	menu
c3c8ae64-1517-4f5b-aa62-7faf8443f7b5	2025-08-04 15:09:00.170929+08	2025-08-04 15:21:08.804856+08	菜单路径重复检查	/basic-api/system/menu/path-exists	GET	system	系统管理	menu
608b9838-4897-4895-b7d3-23d14777def4	2025-08-04 15:09:41.622384+08	2025-08-04 15:21:16.593958+08	获取部门列表	/basic-api/system/dept/list	GET	system	系统管理	dept
d80c567e-7a68-476e-8c50-48fcd38e4f8c	2025-08-04 15:10:09.299827+08	2025-08-04 15:21:24.791569+08	新增部门	/basic-api/system/dept	POST	system	系统管理	dept
50621182-13b7-4a20-a4f8-ad3a23c30f4b	2025-08-04 15:11:06.337083+08	2025-08-04 15:21:52.815837+08	获取角色列表	/basic-api/system/role/list	GET	system	系统管理	role
59df597f-a550-4522-8d59-361e53f82e15	2025-08-04 15:11:35.935611+08	2025-08-04 15:22:00.293015+08	新增角色	/basic-api/system/role	POST	system	系统管理	role
5f7e30e6-b7de-40d0-a5a1-918ebdb8070d	2025-08-04 15:12:04.090674+08	2025-08-04 15:22:06.943028+08	更新角色	/basic-api/system/role/{id}	PUT	system	系统管理	role
34ee9444-3a04-46b3-8897-b6d177f13362	2025-08-04 15:12:16.020633+08	2025-08-04 15:22:13.806123+08	删除角色	/basic-api/system/role/{id}	DELETE	system	系统管理	role
4900fbe2-2768-4b82-9a72-c86e8dc932e4	2025-08-04 15:14:31.109912+08	2025-08-04 15:22:35.099457+08	获取系统所有api接口	/basic-api/system/getWalkRoute	GET	admin	系统管理	api
fdc5af35-f5fc-451e-b8b7-7f80d31bb19e	2025-08-04 15:14:54.478419+08	2025-08-04 15:22:47.026404+08	获取api列表	/basic-api/system/api/list	GET	system	系统管理	api
612596ed-ebc4-49bb-933b-f0e288f15a89	2025-08-04 15:15:16.552488+08	2025-08-04 15:22:54.062083+08	新增api	/basic-api/system/api	POST	system	系统管理	api
10e50f4f-0d15-45d5-bbb5-2241733e6f00	2025-08-04 15:15:29.219732+08	2025-08-04 15:23:01.09687+08	更新api	/basic-api/system/api/{id}	PUT	system	系统管理	api
f6c12298-9b86-48bf-8a2e-4c60511ce3b9	2025-08-04 15:15:48.790314+08	2025-08-04 15:23:08.624427+08	删除api	/basic-api/system/api/{id}	DELETE	system	系统管理	api
f3de0d52-4adb-4cb8-84fb-57f31ced193e	2025-08-04 15:16:13.141444+08	2025-08-04 15:23:14.43292+08	上传文件	/basic-api/v1/server/file/upload	POST	system	系统管理	demo
\.


--
-- Data for Name: sys_dept; Type: TABLE DATA; Schema: public; Owner: postgres
--

COPY public.sys_dept (id, create_time, update_time, name, sort, status, "desc", extension, dom, dept_roles, pid) FROM stdin;
8	2025-07-19 18:50:12.54752+08	2025-07-19 18:50:12.547521+08	test	3	t			0	\N	\N
9	2025-07-19 18:50:16.996763+08	2025-07-19 18:50:16.996764+08	test	3	t			0	\N	\N
15	2025-07-19 19:48:38.083376+08	2025-07-19 19:48:38.083376+08	test2	0	t			0	\N	8
\.


--
-- Data for Name: sys_menu; Type: TABLE DATA; Schema: public; Owner: postgres
--

COPY public.sys_menu (id, create_time, update_time, pid, type, status, path, redirect, alias, name, component, icon, title, "order", open_in_new_window, no_basic_layout, menu_visible_with_forbidden, link, iframe_src, active_icon, active_path, max_num_of_open_tab, keepalive, ignore_access, authority, affix_tab, affix_tab_order, hide_in_menu, hide_in_tab, hide_in_breadcrumb, hide_children_in_menu, full_path_key, badge, badge_type, badge_variants) FROM stdin;
5	2025-08-04 13:04:42.372769+08	2025-08-04 13:10:24.566445+08	16	menu	t	/system/api			Api	/system/api/index	mdi:cloud-key-outline	API资源管理	0	f	f	f				/system/api	0	f	f		f	0	f	f	f	f	f
13	2024-07-08 22:25:32.213+08	2024-07-08 22:25:32.213+08	0	catalog	t	/demos	/demos/access		Demos		ic:baseline-view-in-ar	demos.title	1000	f	f	f				/demos	0	f	t		f	0	f	f	f	f	t
12	2024-07-08 22:25:32.213+08	2024-07-08 22:25:32.213+08	10	menu	t	/workspace			Workspace	/dashboard/workspace/index	ion:grid-outline	page.dashboard.workspace	2	f	f	f				/workspace	0	f	t		f	0	f	f	f	f	t
11	2024-07-08 22:25:32.213+08	2024-07-08 22:25:32.213+08	10	menu	t	/analytics			Analysis	/dashboard/analytics/index	lucide:area-chart	page.dashboard.analytics	1	f	f	f				/analytics	0	f	t		f	0	f	f	f	f	t
18	2024-07-08 22:25:32.213+08	2025-07-19 23:39:04.581868+08	16	menu	t	/system/role			Role	/system/role/list	mdi:cloud-key-outline	system.role.title	1002	f	f	f				/system/role	0	f	t		f	0	f	f	f	f	f
19	2025-05-30 11:34:53.203+08	2025-05-30 11:34:53.203+08	16	menu	t	/system/menu			Menu	/system/menu/list	mdi:cloud-key-outline	system.menu.title	1003	f	f	f				/system/menu	0	f	t		f	0	f	f	f	f	t
15	2024-07-08 22:25:32.213+08	2024-07-08 22:25:32.213+08	13	menu	t	upload			Upload	/demos/upload/index	mdi:cloud-key-outline	demos.upload	1002	f	f	f				upload	0	f	t		f	0	f	f	f	f	t
14	2024-07-08 22:25:32.213+08	2024-07-08 22:25:32.213+08	13	menu	t	antd			Antd	/demos/antd/index	mdi:cloud-key-outline	demos.antd	1001	f	f	f				antd	0	f	t		f	0	f	f	f	f	t
17	2024-07-08 22:25:32.213+08	2025-07-19 12:47:42.919731+08	16	menu	t	/system/user			User	/system/user/index	mdi:cloud-key-outline	system.user	1001	f	f	f				/system/user	0	f	t		f	0	f	f	f	f	f
3	2025-07-19 12:43:21.844839+08	2025-07-19 12:54:47.743685+08	16	menu	t	/system/dept			Dept	/system/dept/list	mdi:cloud-key-outline	system.dept.title	0	f	f	f				/system/dept	0	f	f		f	0	f	f	f	f	f
4	2025-07-20 19:16:11.675085+08	2025-07-20 19:16:11.675086+08	0	menu	f	/test			test	/_core/about/index		test	0	f	f	f				/test	0	f	f		f	0	f	f	f	f	f
10	2024-07-08 22:25:32.213+08	2024-07-08 22:25:32.213+08	0	catalog	t	/dashboard	/analytics		Dashboard		lucide:layout-dashboard	page.dashboard.title	1	f	f	f				/dashboard	0	f	t		f	0	f	f	f	f	t
16	2024-07-08 22:25:32.213+08	2024-07-08 22:25:32.213+08	0	catalog	t	/system	/system		System		ic:baseline-view-in-ar	system.title	5	f	f	f				/system	0	f	t		f	0	f	f	f	f	t
1	2025-08-10 23:41:45.835283+08	2025-08-10 23:43:03.512252+08	16	menu	t	/system/resource			Resource	/system/resource/index	carbon:cloud-data-ops	资源管理	0	f	f	f				/system/resource	0	f	f		f	0	f	f	f	f	f
\.


--
-- Data for Name: sys_resources; Type: TABLE DATA; Schema: public; Owner: postgres
--

COPY public.sys_resources (id, create_time, update_time, name, type, value, method, description) FROM stdin;
a3e1fca5-e7ab-41f2-b7a9-2ab46f3640ea	2025-08-06 22:08:19.563908+08	2025-08-06 22:08:19.563908+08	系统管理api组	api	api	(GET|POST|PUT|DELETE)
7d6b49f5-3ef5-41e1-a4e5-0ccb96da5a95	2025-08-06 22:09:27.466794+08	2025-08-06 22:09:27.466795+08	系统管理资源组	api	data	(GET|POST|PUT|DELETE)
d3213f61-23d8-4be3-a44a-63f49d8c6cec	2025-08-06 22:09:52.787831+08	2025-08-06 22:09:52.787831+08	系统管理部门组	api	dept	(GET|POST|PUT|DELETE)
779480bf-da02-46a4-8d87-89efbf1827de	2025-08-06 22:10:40.309395+08	2025-08-06 22:10:40.309395+08	系统管理用户组	api	user	(GET|POST|PUT|DELETE)
33c2ca63-4b51-43c6-b432-075047e083d7	2025-08-06 22:11:02.317492+08	2025-08-06 22:11:02.317492+08	系统管理角色组	api	role	(GET|POST|PUT|DELETE)
0ad0ceb4-6019-4feb-8d9a-eb561465777a	2025-08-06 22:11:26.553496+08	2025-08-06 22:11:26.553496+08	系统管理菜单组	api	menu	(GET|POST|PUT|DELETE)
f1ea1c6e-b1d4-4845-b0f5-07e2ddeae705	2025-08-06 22:13:24.978161+08	2025-08-06 22:13:24.978161+08	admin接口操作权限	api	admin	GET
a0f9309e-d04a-42c8-9bf5-7dd8b1af6e36	2025-08-06 21:29:31.728041+08	2025-08-20 19:03:27.329457+08	基础api组	api	default	(GET|POST|PUT|DELETE)
\.


--
-- Data for Name: sys_role; Type: TABLE DATA; Schema: public; Owner: postgres
--

COPY public.sys_role (id, create_time, update_time, name, value, status, "desc", menus) FROM stdin;
0	2025-02-25 00:00:39.255+08	2025-08-21 23:57:17.630215+08	默认角色	default	t		[10, 11, 12, 13, 14, 15]
1	2025-02-25 00:00:39.255+08	2025-08-22 00:47:56.788297+08	超级管理员	root	t	在系统层就拥有全部权限，不用设置	null
2	2025-02-25 00:00:39.255+08	2025-08-22 00:48:34.778634+08	管理员	admin	t		[10, 11, 12, 13, 14, 15, 16, 17, 18, 3]
\.


--
-- Data for Name: sys_user; Type: TABLE DATA; Schema: public; Owner: postgres
--

COPY public.sys_user (id, create_time, update_time, username, password, nickname, status, avatar, "desc", extension) FROM stdin;
a0bb672a-a4b1-4ec9-807a-ba11e000d2a4	2025-02-26 18:59:32.728386+08	2025-08-21 23:59:22.110609+08	jack	123456	test1	1	https://q1.qlogo.cn/g?b=qq&nk=190848757&s=640		{"userRole":[{"role":"default"}],"email":"123456"}
f4f9e258-fa13-4467-95fb-c86019a377f9	2023-05-17 22:29:18.185161+08	2025-08-21 22:54:39.196075+08	vben	123456	admin	1	https://q1.qlogo.cn/g?b=qq&nk=190848757&s=640	test	{"userRole":[{"role":"default"}],"email":"123456"}
\.


--
-- Data for Name: user_roles; Type: TABLE DATA; Schema: public; Owner: postgres
--

COPY public.user_roles (user_id, role_id) FROM stdin;
a0bb672a-a4b1-4ec9-807a-ba11e000d2a4	2
f4f9e258-fa13-4467-95fb-c86019a377f9	1
\.


--
-- Name: casbin_rules_id_seq; Type: SEQUENCE SET; Schema: public; Owner: postgres
--

SELECT pg_catalog.setval('public.casbin_rules_id_seq', 439, true);


--
-- Name: depts_id_seq; Type: SEQUENCE SET; Schema: public; Owner: postgres
--

SELECT pg_catalog.setval('public.depts_id_seq', 1, false);


--
-- Name: menus_id_seq; Type: SEQUENCE SET; Schema: public; Owner: postgres
--

SELECT pg_catalog.setval('public.menus_id_seq', 1, false);


--
-- Name: roles_id_seq; Type: SEQUENCE SET; Schema: public; Owner: postgres
--

SELECT pg_catalog.setval('public.roles_id_seq', 14, true);


--
-- Name: sys_api_resources api_resources_pkey; Type: CONSTRAINT; Schema: public; Owner: postgres
--

ALTER TABLE ONLY public.sys_api_resources
    ADD CONSTRAINT api_resources_pkey PRIMARY KEY (id);


--
-- Name: api_resources_roles api_resources_roles_pkey; Type: CONSTRAINT; Schema: public; Owner: postgres
--

ALTER TABLE ONLY public.api_resources_roles
    ADD CONSTRAINT api_resources_roles_pkey PRIMARY KEY (api_resources_id, role_id);


--
-- Name: casbin_rules casbin_rules_pkey; Type: CONSTRAINT; Schema: public; Owner: postgres
--

ALTER TABLE ONLY public.casbin_rules
    ADD CONSTRAINT casbin_rules_pkey PRIMARY KEY (id);


--
-- Name: dept_users dept_users_pkey; Type: CONSTRAINT; Schema: public; Owner: postgres
--

ALTER TABLE ONLY public.dept_users
    ADD CONSTRAINT dept_users_pkey PRIMARY KEY (dept_id, user_id);


--
-- Name: sys_dept depts_pkey; Type: CONSTRAINT; Schema: public; Owner: postgres
--

ALTER TABLE ONLY public.sys_dept
    ADD CONSTRAINT depts_pkey PRIMARY KEY (id);


--
-- Name: sys_menu menus_pkey; Type: CONSTRAINT; Schema: public; Owner: postgres
--

ALTER TABLE ONLY public.sys_menu
    ADD CONSTRAINT menus_pkey PRIMARY KEY (id);


--
-- Name: resource_roles resource_roles_pkey; Type: CONSTRAINT; Schema: public; Owner: postgres
--

ALTER TABLE ONLY public.resource_roles
    ADD CONSTRAINT resource_roles_pkey PRIMARY KEY (resource_id, role_id);


--
-- Name: sys_resources resources_pkey; Type: CONSTRAINT; Schema: public; Owner: postgres
--

ALTER TABLE ONLY public.sys_resources
    ADD CONSTRAINT resources_pkey PRIMARY KEY (id);


--
-- Name: sys_role roles_pkey; Type: CONSTRAINT; Schema: public; Owner: postgres
--

ALTER TABLE ONLY public.sys_role
    ADD CONSTRAINT roles_pkey PRIMARY KEY (id);


--
-- Name: user_roles user_roles_pkey; Type: CONSTRAINT; Schema: public; Owner: postgres
--

ALTER TABLE ONLY public.user_roles
    ADD CONSTRAINT user_roles_pkey PRIMARY KEY (user_id, role_id);


--
-- Name: sys_user users_pkey; Type: CONSTRAINT; Schema: public; Owner: postgres
--

ALTER TABLE ONLY public.sys_user
    ADD CONSTRAINT users_pkey PRIMARY KEY (id);


--
-- Name: api_resources_roles api_resources_roles_api_resources_id; Type: FK CONSTRAINT; Schema: public; Owner: postgres
--

ALTER TABLE ONLY public.api_resources_roles
    ADD CONSTRAINT api_resources_roles_api_resources_id FOREIGN KEY (api_resources_id) REFERENCES public.sys_api_resources(id) ON DELETE CASCADE;


--
-- Name: api_resources_roles api_resources_roles_role_id; Type: FK CONSTRAINT; Schema: public; Owner: postgres
--

ALTER TABLE ONLY public.api_resources_roles
    ADD CONSTRAINT api_resources_roles_role_id FOREIGN KEY (role_id) REFERENCES public.sys_role(id) ON DELETE CASCADE;


--
-- Name: dept_users dept_users_dept_id; Type: FK CONSTRAINT; Schema: public; Owner: postgres
--

ALTER TABLE ONLY public.dept_users
    ADD CONSTRAINT dept_users_dept_id FOREIGN KEY (dept_id) REFERENCES public.sys_dept(id) ON DELETE CASCADE;


--
-- Name: dept_users dept_users_user_id; Type: FK CONSTRAINT; Schema: public; Owner: postgres
--

ALTER TABLE ONLY public.dept_users
    ADD CONSTRAINT dept_users_user_id FOREIGN KEY (user_id) REFERENCES public.sys_user(id) ON DELETE CASCADE;


--
-- Name: resource_roles resource_roles_resource_id; Type: FK CONSTRAINT; Schema: public; Owner: postgres
--

ALTER TABLE ONLY public.resource_roles
    ADD CONSTRAINT resource_roles_resource_id FOREIGN KEY (resource_id) REFERENCES public.sys_resources(id) ON DELETE CASCADE;


--
-- Name: resource_roles resource_roles_role_id; Type: FK CONSTRAINT; Schema: public; Owner: postgres
--

ALTER TABLE ONLY public.resource_roles
    ADD CONSTRAINT resource_roles_role_id FOREIGN KEY (role_id) REFERENCES public.sys_role(id) ON DELETE CASCADE;


--
-- Name: sys_dept sys_dept_sys_dept_children; Type: FK CONSTRAINT; Schema: public; Owner: postgres
--

ALTER TABLE ONLY public.sys_dept
    ADD CONSTRAINT sys_dept_sys_dept_children FOREIGN KEY (pid) REFERENCES public.sys_dept(id) ON DELETE SET NULL;


--
-- Name: sys_dept sys_dept_sys_role_roles; Type: FK CONSTRAINT; Schema: public; Owner: postgres
--

ALTER TABLE ONLY public.sys_dept
    ADD CONSTRAINT sys_dept_sys_role_roles FOREIGN KEY (dept_roles) REFERENCES public.sys_role(id) ON DELETE SET NULL;


--
-- Name: user_roles user_roles_role_id; Type: FK CONSTRAINT; Schema: public; Owner: postgres
--

ALTER TABLE ONLY public.user_roles
    ADD CONSTRAINT user_roles_role_id FOREIGN KEY (role_id) REFERENCES public.sys_role(id) ON DELETE CASCADE;


--
-- Name: user_roles user_roles_user_id; Type: FK CONSTRAINT; Schema: public; Owner: postgres
--

ALTER TABLE ONLY public.user_roles
    ADD CONSTRAINT user_roles_user_id FOREIGN KEY (user_id) REFERENCES public.sys_user(id) ON DELETE CASCADE;


--
-- PostgreSQL database dump complete
--

\unrestrict rnEyp1uqGbAsH7AG7pUXFc8PgnGZwVIva05LAzzC5l7ZPFdLZogcDPvTe5iEPs5

